F1 Score,Time,% Time BERT
0.818,35.743472083000015,100.0
0.948,24.48325926200002,68.5
0.863,14.528534378999979,40.6
0.958,16.269017346,45.5
0.895,27.793001375999978,77.8
